推广位ID,推广位名称,order_line_count,attributed_order_count,sku_count,item_quantity,attributed_payment_amount,zero_payment_line_count,active_days,invalid_order_count,non_invalid_order_count,mixed_status_order_count,classified_order_count,invalid_order_rate,zero_payment_line_rate,attributed_payment_amount_per_active_day,attributed_payment_amount_share,is_main_comparison_eligible,scale_threshold_amount,risk_threshold_rate,scale_risk_quadrant
19000067838938,VproI56,1870,1701,32,1894,297961.43,103,59,106,1591,4,1697,0.06246317030053035,0.05508021390374331,5050.19372881356,0.0731643990413012,True,19963.415,0.06860881643394985,high_scale_low_risk
19000066689017,VproI526,1516,1241,29,1541,214823.83,247,49,53,1188,0,1241,0.0427074939564867,0.1629287598944591,4384.159795918367,0.052749969758504156,True,19963.415,0.06860881643394985,high_scale_low_risk
19000065589053,VproI524,1702,1245,18,1731,210280.25,441,34,35,1210,0,1245,0.028112449799196786,0.2591069330199765,6184.713235294118,0.051634294148422424,True,19963.415,0.06860881643394985,high_scale_low_risk
18999857539039,VesleepI1,1726,1668,21,1798,195901.04,19,94,150,1508,10,1658,0.09047044632086852,0.01100811123986095,2084.0536170212768,0.04810348058527545,True,19963.415,0.06860881643394985,high_scale_high_risk
18999721388976,VsleepI31,1755,1723,20,1817,169773.02300000002,7,97,148,1571,4,1719,0.08609656777196044,0.003988603988603989,1750.2373505154642,0.04168774864995113,True,19963.415,0.06860881643394985,high_scale_high_risk
19000062989104,VproI525,1069,903,22,1093,158111.18,139,53,49,854,0,903,0.05426356589147287,0.13002806361085126,2983.2298113207544,0.0388241842791901,True,19963.415,0.06860881643394985,high_scale_low_risk
19000067738968,VproI555,1028,910,22,1046,156312.34,99,48,59,850,1,909,0.06490649064906491,0.0963035019455253,3256.5070833333334,0.03838247929887955,True,19963.415,0.06860881643394985,high_scale_low_risk
18999732539364,TsleepI6,1582,1456,30,1664,154364.61000000002,39,80,116,1319,21,1435,0.0808362369337979,0.02465233881163085,1929.5576250000001,0.03790421439410744,True,19963.415,0.06860881643394985,high_scale_high_risk
19000066539000,VproI53,903,841,21,913,144447.79,46,56,55,786,0,841,0.06539833531510107,0.05094130675526024,2579.4248214285717,0.03546914024474268,True,19963.415,0.06860881643394985,high_scale_low_risk
19000061889165,VproI514,881,825,18,893,140851.76,39,56,43,782,0,825,0.052121212121212124,0.04426787741203178,2515.21,0.03458613544145492,True,19963.415,0.06860881643394985,high_scale_low_risk
19000065539021,VproI54,791,698,21,815,119138.72,83,59,54,643,1,697,0.07747489239598278,0.10493046776232617,2019.3003389830508,0.029254500662551704,True,19963.415,0.06860881643394985,high_scale_high_risk
19000063739093,VproI516,726,702,19,730,117210.43000000001,15,48,35,667,0,702,0.04985754985754986,0.02066115702479339,2441.8839583333333,0.028781009247816076,True,19963.415,0.06860881643394985,high_scale_low_risk
19000066489027,VproI522,766,565,17,781,97466.26,188,32,16,549,0,565,0.02831858407079646,0.2454308093994778,3045.820625,0.02393283029854976,True,19963.415,0.06860881643394985,high_scale_low_risk
19000062539157,VproI534,573,535,17,585,93210.41,20,57,33,502,0,535,0.0616822429906542,0.034904013961605584,1635.270350877193,0.022887806760906244,True,19963.415,0.06860881643394985,high_scale_low_risk
18999738938942,TsleepI14,880,812,22,932,84755.61,36,61,80,719,13,799,0.10012515644555695,0.04090909090909091,1389.4362295081967,0.020811731474872096,True,19963.415,0.06860881643394985,high_scale_high_risk
19000063039124,VproI529,457,367,12,466,62027.42,88,34,19,348,0,367,0.051771117166212535,0.1925601750547046,1824.335882352941,0.015230826716002763,True,19963.415,0.06860881643394985,high_scale_low_risk
19000062889125,VproI55,408,361,22,413,61471.78,34,51,25,336,0,361,0.06925207756232687,0.08333333333333333,1205.329019607843,0.015094389370124445,True,19963.415,0.06860881643394985,high_scale_high_risk
18999908389094,TstressI14,532,449,26,558,60889.1,17,47,21,420,8,441,0.047619047619047616,0.03195488721804511,1295.5127659574468,0.014951312354977264,True,19963.415,0.06860881643394985,high_scale_low_risk
19000064339081,VproI556,436,307,21,456,58416.62,102,23,7,300,0,307,0.02280130293159609,0.23394495412844038,2539.853043478261,0.014344195140706825,True,19963.415,0.06860881643394985,high_scale_low_risk
18999853939166,VesleepI9,422,414,13,431,57220.85,0,46,38,376,0,414,0.09178743961352658,0.0,1243.9315217391304,0.014050573937983988,True,19963.415,0.06860881643394985,high_scale_high_risk
18999737989260,TsleepI7,568,529,19,612,57178.21,22,43,33,484,12,517,0.06382978723404255,0.03873239436619718,1329.7258139534883,0.014040103690290783,True,19963.415,0.06860881643394985,high_scale_low_risk
19000063789096,VproI51,332,325,10,334,54191.79,0,27,27,298,0,325,0.08307692307692308,0.0,2007.1033333333335,0.013306788560930172,True,19963.415,0.06860881643394985,high_scale_high_risk
19000061139241,VproI554,311,258,16,319,46239.53,41,28,14,244,0,258,0.05426356589147287,0.13183279742765272,1651.4117857142858,0.01135411192113764,True,19963.415,0.06860881643394985,high_scale_low_risk
19000062139186,VproI551,305,239,15,323,43311.77,56,35,13,226,0,239,0.05439330543933055,0.18360655737704917,1237.4791428571427,0.010635200748852153,True,19963.415,0.06860881643394985,high_scale_low_risk
19000067788950,VproI549,280,241,12,285,41721.85,34,36,12,229,0,241,0.04979253112033195,0.12142857142857143,1158.9402777777777,0.010244796053439913,True,19963.415,0.06860881643394985,high_scale_low_risk
19000065989050,VproI553,256,219,9,261,37778.75,32,32,18,201,0,219,0.0821917808219178,0.125,1180.5859375,0.009276568246707495,True,19963.415,0.06860881643394985,high_scale_high_risk
19000066738997,VproI513,234,209,16,240,36416.38,20,53,12,196,1,208,0.057692307692307696,0.08547008547008547,687.1015094339622,0.008942038430811868,True,19963.415,0.06860881643394985,high_scale_low_risk
18999852289131,CsleepI41,359,339,18,380,35569.090000000004,7,22,35,301,3,336,0.10416666666666667,0.019498607242339833,1616.7768181818183,0.008733986456891272,True,19963.415,0.06860881643394985,high_scale_high_risk
18999717738931,VsleepI9,298,297,11,300,35455.18,0,45,28,269,0,297,0.09427609427609428,0.0,787.8928888888889,0.0087060158678966,True,19963.415,0.06860881643394985,high_scale_high_risk
19000066639265,VproI16,220,210,11,224,33751.78,0,23,13,197,0,210,0.06190476190476191,0.0,1467.468695652174,0.008287746169946255,True,19963.415,0.06860881643394985,high_scale_low_risk
19000019839177,VproI1,214,209,11,227,33150.99,2,20,26,183,0,209,0.12440191387559808,0.009345794392523364,1657.5494999999999,0.008140222246128252,True,19963.415,0.06860881643394985,high_scale_high_risk
19000061439192,VproI530,204,176,5,207,30359.87,24,33,5,171,0,176,0.028409090909090908,0.11764705882352941,919.9960606060606,0.007454863012041623,True,19963.415,0.06860881643394985,high_scale_low_risk
19000063789061,TproI519,179,165,18,190,29421.88,4,16,5,158,2,163,0.03067484662576687,0.0223463687150838,1838.8675,0.0072245396622820585,True,19963.415,0.06860881643394985,high_scale_low_risk
18999916438973,VstressI9,224,216,17,232,29287.32,2,40,25,190,1,215,0.11627906976744186,0.008928571428571428,732.183,0.007191498467873113,True,19963.415,0.06860881643394985,high_scale_high_risk
19000065989048,VproI520,218,172,9,225,29264.87,45,26,17,155,0,172,0.09883720930232558,0.20642201834862386,1125.571923076923,0.007185985872640644,True,19963.415,0.06860881643394985,high_scale_high_risk
19000067738967,VproI519,212,170,14,215,28912.34,40,29,14,156,0,170,0.08235294117647059,0.18867924528301888,996.9772413793104,0.00709942216674747,True,19963.415,0.06860881643394985,high_scale_high_risk
19000022889121,VproI6,198,190,12,201,28822.49,4,17,16,174,0,190,0.08421052631578947,0.020202020202020204,1695.4405882352942,0.0070773595083226505,True,19963.415,0.06860881643394985,high_scale_high_risk
19000025089070,VproI3,177,162,17,178,26150.36,6,23,16,146,0,162,0.09876543209876543,0.03389830508474576,1136.9721739130434,0.0064212182567175945,True,19963.415,0.06860881643394985,high_scale_high_risk
19000066589008,VproI528,177,154,12,181,26113.39,22,35,1,153,0,154,0.006493506493506494,0.12429378531073447,746.0968571428572,0.0064121402769517,True,19963.415,0.06860881643394985,high_scale_low_risk
18999906039212,TstressI20,232,160,22,256,23515.82,26,35,9,137,14,146,0.06164383561643835,0.11206896551724138,671.8805714285714,0.00577430722581581,True,19963.415,0.06860881643394985,high_scale_low_risk
18999818888985,TsleepI47,225,220,11,244,22937.98,0,23,15,205,0,220,0.06818181818181818,0.0,997.3034782608695,0.005632418672179772,True,19963.415,0.06860881643394985,high_scale_low_risk
18999858489006,TmultiI10,235,193,18,251,22889.99,11,21,23,163,7,186,0.12365591397849462,0.04680851063829787,1089.999523809524,0.0056206347325269395,True,19963.415,0.06860881643394985,high_scale_high_risk
18999871039267,TstressI6,169,165,15,177,22230.45,0,26,19,146,0,165,0.11515151515151516,0.0,855.0173076923077,0.005458684752142901,True,19963.415,0.06860881643394985,high_scale_high_risk
18999734689370,TsleepI2,220,212,10,234,21839.38,3,21,15,195,2,210,0.07142857142857142,0.013636363636363636,1039.9704761904763,0.005362657553142408,True,19963.415,0.06860881643394985,high_scale_high_risk
19000064239095,VproI527,134,121,10,136,20712.57,12,31,6,115,0,121,0.049586776859504134,0.08955223880597014,668.1474193548387,0.005085969471454356,True,19963.415,0.06860881643394985,high_scale_low_risk
19000069488891,VproI14,124,117,8,131,19214.26,1,13,12,105,0,117,0.10256410256410256,0.008064516129032258,1478.02,0.004718059602289169,True,19963.415,0.06860881643394985,low_scale_high_risk
19000062939110,TproI514,122,110,16,125,19142.41,6,25,3,104,3,107,0.028037383177570093,0.04918032786885246,765.6964,0.004700416842046283,True,19963.415,0.06860881643394985,low_scale_low_risk
18999905439238,TstressI12,163,138,17,175,18490.57,2,19,14,123,1,137,0.10218978102189781,0.012269938650306749,973.187894736842,0.004540357595884517,True,19963.415,0.06860881643394985,low_scale_high_risk
18999810839150,TsleepI25,147,136,15,167,18077.84,6,13,3,130,3,133,0.022556390977443608,0.04081632653061224,1390.603076923077,0.004439011786071763,True,19963.415,0.06860881643394985,low_scale_low_risk
18999851689143,CsleepI55,182,150,16,207,17328.84,19,17,9,133,8,142,0.06338028169014084,0.1043956043956044,1019.3435294117647,0.0042550949117235145,True,19963.415,0.06860881643394985,low_scale_low_risk
18999818888982,TsleepI41,141,125,9,152,16819.91,11,36,6,113,6,119,0.05042016806722689,0.07801418439716312,467.21972222222223,0.004130127201627313,True,19963.415,0.06860881643394985,low_scale_low_risk
19000061339212,VproI515,106,95,10,107,16407.46,8,28,7,88,0,95,0.07368421052631578,0.07547169811320754,585.9807142857143,0.004028850145786278,True,19963.415,0.06860881643394985,low_scale_high_risk
19000065839040,VproI539,92,87,8,92,14942.05,3,12,6,81,0,87,0.06896551724137931,0.03260869565217391,1245.1708333333333,0.00366901886829807,True,19963.415,0.06860881643394985,low_scale_high_risk
19000065439067,VproI552,99,84,11,99,14553.82,10,23,1,83,0,84,0.011904761904761904,0.10101010101010101,632.7747826086957,0.0035736890310107262,True,19963.415,0.06860881643394985,low_scale_low_risk
18999904689236,TstressI19,130,101,18,140,14476.2,9,24,7,89,5,96,0.07291666666666667,0.06923076923076923,603.1750000000001,0.0035546294478506317,True,19963.415,0.06860881643394985,low_scale_high_risk
19000065139057,VproI550,93,72,11,94,13411.3,14,23,7,65,0,72,0.09722222222222222,0.15053763440860216,583.1,0.0032931433604094424,True,19963.415,0.06860881643394985,low_scale_high_risk
19000063389085,TproI511,87,78,16,89,13279.83,4,14,3,74,1,77,0.03896103896103896,0.04597701149425287,948.5592857142857,0.0032608609151883955,True,19963.415,0.06860881643394985,low_scale_low_risk
19000066389294,VproI25,84,80,9,84,12994.75,1,8,6,74,0,80,0.075,0.011904761904761904,1624.34375,0.0031908595499825225,True,19963.415,0.06860881643394985,low_scale_high_risk
19000139188921,VproI34,82,78,10,86,12829.72,1,18,6,71,1,77,0.07792207792207792,0.012195121951219513,712.7622222222221,0.003150336450151158,True,19963.415,0.06860881643394985,low_scale_high_risk
18999907289164,TstressI15,110,97,21,115,12199.880000000001,1,21,7,90,0,97,0.07216494845360824,0.00909090909090909,580.9466666666667,0.0029956793017673123,True,19963.415,0.06860881643394985,low_scale_high_risk
18999738039237,TsleepI8,111,80,11,115,11911.1,26,17,0,76,4,76,0.0,0.23423423423423423,700.6529411764706,0.0029247694019351525,True,19963.415,0.06860881643394985,low_scale_low_risk
18999870939215,TstressI8,98,90,11,99,11874.35,2,25,7,82,1,89,0.07865168539325842,0.02040816326530612,474.974,0.0029157454431470377,True,19963.415,0.06860881643394985,low_scale_high_risk
18999737139295,TsleepI5,54,39,10,71,10646.5,0,16,8,31,0,39,0.20512820512820512,0.0,665.40625,0.002614246999664397,True,19963.415,0.06860881643394985,low_scale_high_risk
18999731639363,TsleepI1,103,102,4,117,10641.48,0,18,12,90,0,102,0.11764705882352941,0.0,591.1933333333333,0.0026130143391714356,True,19963.415,0.06860881643394985,low_scale_high_risk
18999829839317,CsleepI20,94,87,10,101,9933.12,2,22,9,77,1,86,0.10465116279069768,0.02127659574468085,451.5054545454546,0.0024390766127183974,True,19963.415,0.06860881643394985,low_scale_high_risk
19000064939064,VproI521,97,58,6,99,9761.97,38,16,2,56,0,58,0.034482758620689655,0.3917525773195876,610.123125,0.0023970507475051758,True,19963.415,0.06860881643394985,low_scale_low_risk
18999737339278,TsleepI4,92,81,11,95,9658.5,7,19,12,66,3,78,0.15384615384615385,0.07608695652173914,508.3421052631579,0.0023716436994560258,True,19963.415,0.06860881643394985,low_scale_high_risk
18999821738939,TsleepI42,64,62,9,66,8632.47,0,16,2,60,0,62,0.03225806451612903,0.0,539.529375,0.0021197021365888242,True,19963.415,0.06860881643394985,low_scale_low_risk
18999734739348,TsleepI17,70,61,11,74,8283.51,0,20,2,59,0,61,0.03278688524590164,0.0,414.1755,0.002034015043835066,True,19963.415,0.06860881643394985,low_scale_low_risk
19000066788983,TproI520,48,40,11,49,7784.63,0,14,3,37,0,40,0.075,0.0,556.045,0.0019115151102237784,True,19963.415,0.06860881643394985,low_scale_high_risk
19000245739083,VproI583,67,41,5,67,7656.27,23,12,1,40,0,41,0.024390243902439025,0.34328358208955223,638.0225,0.0018799963251886099,True,19963.415,0.06860881643394985,low_scale_low_risk
18999832488942,CsleepI19,74,74,3,81,7647.37,0,16,7,67,0,74,0.0945945945945946,0.0,477.960625,0.0018778109310875425,True,19963.415,0.06860881643394985,low_scale_high_risk
19000062039133,VproI512,54,46,6,54,7380.96,8,24,3,43,0,46,0.06521739130434782,0.14814814814814814,307.54,0.001812393982495931,True,19963.415,0.06860881643394985,low_scale_low_risk
18999849289217,CsleepI44,73,73,3,80,7169.88,0,13,9,64,0,73,0.1232876712328767,0.0,551.5292307692308,0.0017605633098157862,True,19963.415,0.06860881643394985,low_scale_high_risk
19000063489113,VproI52,44,41,6,44,7015.72,1,8,5,36,0,41,0.12195121951219512,0.022727272727272728,876.965,0.0017227093373865124,True,19963.415,0.06860881643394985,low_scale_high_risk
18999859438984,VesleepI7,55,54,3,59,6699.2,0,27,5,49,0,54,0.09259259259259259,0.0,248.1185185185185,0.001644987883356195,True,19963.415,0.06860881643394985,low_scale_high_risk
18999716689300,VsleepI29,54,54,6,54,6602.54,0,20,4,50,0,54,0.07407407407407407,0.0,330.127,0.0016212530301192099,True,19963.415,0.06860881643394985,low_scale_high_risk
18999906589200,TstressI11,60,59,5,65,6351.58,0,16,5,54,0,59,0.0847457627118644,0.0,396.97375,0.0015596298274670917,True,19963.415,0.06860881643394985,low_scale_high_risk
18999903089326,TstressI16,58,50,8,62,6231.63,1,10,3,46,1,49,0.061224489795918366,0.017241379310344827,623.163,0.0015301761170824822,True,19963.415,0.06860881643394985,low_scale_low_risk
18999739138937,TsleepI18,56,42,5,58,6076.17,13,15,1,39,2,40,0.025,0.23214285714285715,405.07800000000003,0.0014920029297845134,True,19963.415,0.06860881643394985,low_scale_low_risk
18999964289148,VsleepTI,52,50,6,53,5916.52,0,5,3,47,0,50,0.06,0.0,1183.304,0.0014528008884097498,False,,,
19000244989125,VproI582,36,17,7,46,5644.54,14,11,1,16,0,17,0.058823529411764705,0.3888888888888889,513.14,0.0013860162268807285,False,,,
18999959439367,VesleepTI,43,42,2,44,5574.83,0,5,2,40,0,42,0.047619047619047616,0.0,1114.966,0.0013688989434216946,False,,,
18999821089284,MsleepI9,38,35,11,44,5258.1,2,20,1,32,2,33,0.030303030303030304,0.05263157894736842,262.90500000000003,0.0012911259239125879,True,19963.415,0.06860881643394985,low_scale_low_risk
19000014089125,VesleepI29,36,36,3,36,5096.75,0,14,3,33,0,36,0.08333333333333333,0.0,364.05357142857144,0.0012515064477095306,True,19963.415,0.06860881643394985,low_scale_high_risk
18999848739234,CsleepI57,44,42,7,50,4675.27,1,7,3,38,1,41,0.07317073170731707,0.022727272727272728,667.8957142857143,0.0011480120762805586,True,19963.415,0.06860881643394985,low_scale_high_risk
18999869539303,TstressI7,37,35,8,39,4575.51,0,16,4,31,0,35,0.11428571428571428,0.0,285.969375,0.001123516018356685,True,19963.415,0.06860881643394985,low_scale_high_risk
18999714139386,VsleepI7,43,43,4,44,4485.39,0,26,6,37,0,43,0.13953488372093023,0.0,172.51500000000001,0.001101387061459136,True,19963.415,0.06860881643394985,low_scale_high_risk
19000063539109,VproI523,26,24,6,27,4433.47,1,7,1,23,0,24,0.041666666666666664,0.038461538461538464,633.3528571428571,0.0010886381107032468,False,,,
18999847139275,CsleepI51,44,38,8,48,4406.78,3,13,5,33,0,38,0.13157894736842105,0.06818181818181818,338.9830769230769,0.0010820843838990346,True,19963.415,0.06860881643394985,low_scale_high_risk
19000067988947,VproI57,27,26,4,27,4372.31,1,5,1,25,0,26,0.038461538461538464,0.037037037037037035,874.4620000000001,0.0010736202788806314,False,,,
18999850589173,CsleepI60,38,32,10,47,4292.33,3,8,4,27,1,31,0.12903225806451613,0.07894736842105263,536.54125,0.001053981197958905,True,19963.415,0.06860881643394985,low_scale_high_risk
18999853639175,VesleepI2,32,31,6,33,4215.38,0,20,2,29,0,31,0.06451612903225806,0.0,210.769,0.0010350861332311377,True,19963.415,0.06860881643394985,low_scale_low_risk
18999738738940,TsleepI10,40,39,4,46,4206.96,0,12,5,34,0,39,0.1282051282051282,0.0,350.58,0.0010330186030815885,True,19963.415,0.06860881643394985,low_scale_high_risk
19000063739335,VproI15,26,22,8,27,4155.74,0,7,1,21,0,22,0.045454545454545456,0.0,593.6771428571428,0.0010204415372549965,False,,,
18999806489226,TsleepI24,32,29,5,35,3716.56,0,12,4,25,0,29,0.13793103448275862,0.0,309.7133333333333,0.0009126009326137896,False,,,
18999711189377,VsleepI22,40,40,2,42,3695.05,0,18,2,38,0,40,0.05,0.0,205.28055555555557,0.0009073191542863788,True,19963.415,0.06860881643394985,low_scale_low_risk
19000061789126,TproI515,20,20,3,20,3305.88,0,6,3,17,0,20,0.15,0.0,550.98,0.000811758500093978,False,,,
18999716489316,VsleepI2,24,24,3,24,3073.27,0,13,3,21,0,24,0.125,0.0,236.4053846153846,0.0007546411380884424,False,,,
19000066139312,VproI13,21,21,3,21,3019.12,0,12,1,20,0,21,0.047619047619047616,0.0,251.59333333333333,0.0007413446110577913,False,,,
18999873089206,TstressI9,29,25,8,29,2869.87,2,16,3,21,1,24,0.125,0.06896551724137931,179.366875,0.0007046962886325894,False,,,
18999828889318,CsleepI27,23,22,4,28,2857.62,1,9,1,20,1,21,0.047619047619047616,0.043478260869565216,317.5133333333333,0.0007016883023698845,False,,,
18999913539197,VstressI7,26,23,6,26,2716.64,1,14,2,20,1,22,0.09090909090909091,0.038461538461538464,194.04571428571427,0.0006670706776093822,False,,,
19000064389098,VproI544,24,16,4,24,2606.42,8,5,0,16,0,16,0.0,0.3333333333333333,521.284,0.0006400061677420071,False,,,
19000061689178,VproI511,25,15,2,25,2479.77,10,10,0,15,0,15,0.0,0.4,247.977,0.0006089072730341222,False,,,
18999855939057,TmultiI7,26,24,5,28,2476.65,0,9,3,21,0,24,0.125,0.0,275.18333333333334,0.0006081411573492537,False,,,
18999839689124,XsleepI8,23,21,7,25,2329.86,1,6,2,18,1,20,0.1,0.043478260869565216,388.31,0.0005720968876755828,False,,,
18999737889252,TsleepI3,18,18,5,19,2300.71,0,12,2,16,0,18,0.1111111111111111,0.0,191.72583333333333,0.0005649391081198399,False,,,
19000062939141,VproI542,21,14,3,21,2256.64,7,5,1,13,0,14,0.07142857142857142,0.3333333333333333,451.328,0.0005541177240710717,False,,,
18999851989140,CsleepI43,19,19,2,22,2155.7599999999998,0,13,2,17,0,19,0.10526315789473684,0.0,165.8276923076923,0.0005293466502603222,False,,,
18999869139308,TstressI2,19,19,4,19,2145.21,0,9,2,17,0,19,0.10526315789473684,0.0,238.35666666666668,0.000526756098825911,False,,,
19000061989090,TproI512,14,14,1,14,2131.74,0,5,2,12,0,14,0.14285714285714285,0.0,426.34799999999996,0.0005234485416864304,False,,,
19000138988939,VproI39,14,11,6,14,2045.78,1,5,3,8,0,11,0.2727272727272727,0.07142857142857142,409.156,0.0005023410723687062,False,,,
18999736339324,TsleepI20,21,20,3,24,2025.2,0,5,1,19,0,20,0.05,0.0,405.04,0.0004972876554473618,False,,,
18999870489234,TstressI1,14,13,5,16,1984.63,0,6,1,12,0,13,0.07692307692307693,0.0,330.7716666666667,0.0004873256960450808,False,,,
18999818388998,TsleepI50,20,20,3,20,1977.03,0,6,2,18,0,20,0.1,0.0,329.505,0.00048545951681270866,False,,,
19000136789192,VproI33,12,10,3,12,1868.97,0,7,0,10,0,10,0.0,0.0,266.9957142857143,0.0004589253947271656,False,,,
18999819238982,TsleepI43,14,14,2,14,1866.35,0,3,1,13,0,14,0.07142857142857142,0.0,622.1166666666667,0.0004582820539917952,False,,,
19000062039136,VproI538,13,12,6,13,1856.46,1,4,0,12,0,12,0.0,0.07692307692307693,464.115,0.00045585356549072157,False,,,
19000066489028,VproI537,11,11,1,11,1817.7,0,6,1,10,0,11,0.09090909090909091,0.0,302.95,0.0004463360514056239,False,,,
18999734289354,TsleepI13,17,11,3,20,1794.35,6,6,0,8,3,8,0.0,0.35294117647058826,299.05833333333334,0.0004406024612640596,False,,,
19000063689041,TproI517,12,12,2,12,1764.15,0,6,0,12,0,12,0.0,0.0,294.02500000000003,0.0004331868543143706,False,,,
18999734889371,TsleepI9,16,15,3,20,1718.85,1,5,0,15,0,15,0.0,0.0625,343.77,0.0004220634438898369,False,,,
19000062389109,TproI513,10,10,4,10,1648.73,0,5,0,10,0,10,0.0,0.0,329.746,0.0004048454849722145,False,,,
18999714289327,VsleepI1,16,12,4,16,1620.14,4,8,2,10,0,12,0.16666666666666666,0.25,202.5175,0.0003978252133599095,False,,,
18999853439189,VesleepI6,13,12,3,15,1594.22,0,6,2,10,0,12,0.16666666666666666,0.0,265.7033333333333,0.0003914605599779247,False,,,
18999725939298,VsleepI38,15,14,3,15,1489.89,0,7,2,12,0,14,0.14285714285714285,0.0,212.8414285714286,0.0003658423390156379,False,,,
18999738888935,TsleepI15,15,14,3,15,1456.26,0,3,1,13,0,14,0.07142857142857142,0.0,485.42,0.0003575844959123914,False,,,
19000061489173,VproI543,13,8,3,13,1319.3600000000001,5,5,0,8,0,8,0.0,0.38461538461538464,263.872,0.00032396871473979426,False,,,
19000061189183,VproI59,8,8,2,8,1303.35,0,7,2,6,0,8,0.25,0.0,186.19285714285712,0.000320037460856863,False,,,
19000022189112,VproI5,8,8,1,8,1245.24,0,6,1,7,0,8,0.125,0.0,207.54,0.00030576855622618647,False,,,
19000067938912,TproI58,8,8,3,8,1235.18,0,5,0,8,0,8,0.0,0.0,247.036,0.0003032983242422834,False,,,
19000062839349,VproI23,8,8,2,8,1199.59,0,5,0,8,0,8,0.0,0.0,239.91799999999998,0.0002945592033370041,False,,,
18999820538950,TsleepI46,11,11,1,12,1184.8799999999999,0,5,0,11,0,11,0.0,0.0,236.97599999999997,0.0002909471643227681,False,,,
19000248138947,VproI581,12,7,2,12,1170.16,5,6,0,7,0,7,0.0,0.4166666666666667,195.02666666666667,0.0002873326698095422,False,,,
19000024839076,VproI2,8,8,3,8,1127.73,0,4,1,7,0,8,0.125,0.0,281.9325,0.000276913987595128,False,,,
18999823538897,TsleepI38,12,9,4,13,1095.14,2,5,0,7,2,7,0.0,0.16666666666666666,219.02800000000002,0.00026891151638683774,False,,,
18999907589145,TstressI17,9,9,3,9,1083.3600000000001,0,8,1,8,0,9,0.1111111111111111,0.0,135.42000000000002,0.000266018938576661,False,,,
18999872239200,TstressI3,9,9,3,10,1039.47,0,6,3,6,0,9,0.3333333333333333,0.0,173.245,0.0002552417535097122,False,,,
18999913189217,VstressI1,10,10,2,10,1008.01,0,4,2,8,0,10,0.2,0.0,252.0025,0.00024751675368728774,False,,,
19000011089186,VstressI19,11,7,6,11,979.26,2,1,0,6,1,6,0.0,0.18181818181818182,979.26,0.00024045719409114335,False,,,
18999724939359,VsleepI59,10,10,2,10,977.51,0,6,2,8,0,10,0.2,0.0,162.91833333333332,0.00024002748176789977,False,,,
18999717288983,VsleepI18,10,10,2,10,946.84,0,5,0,10,0,10,0.0,0.0,189.368,0.00023249646636568243,False,,,
18999717388952,VsleepI14,9,9,2,9,926.95,0,3,0,9,0,9,0.0,0.0,308.98333333333335,0.00022761247887464548,False,,,
19000062589084,TproI56,6,6,1,6,886.9000000000001,0,5,1,5,0,6,0.16666666666666666,0.0,177.38000000000002,0.00021777820541984258,False,,,
19000063589326,VproI12,6,6,1,6,884.28,0,2,1,5,0,6,0.16666666666666666,0.0,442.14,0.00021713486468447217,False,,,
19000066939017,VproI533,6,6,2,6,871.12,0,5,0,6,0,6,0.0,0.0,174.224,0.00021390342801368053,False,,,
19000024789044,VproI4,6,6,1,6,839.47,0,4,0,6,0,6,0.0,0.0,209.8675,0.00020613177371044678,False,,,
19000062189137,VproI518,5,5,3,5,838.9000000000001,0,3,0,5,0,5,0.0,0.0,279.6333333333334,0.00020599181026801887,False,,,
19000064789082,VproI541,6,5,2,6,830.5899999999999,1,4,0,5,0,5,0.0,0.16666666666666666,207.64749999999998,0.00020395129060735937,False,,,
19000067638916,TproI516,5,5,1,5,826.61,0,4,1,4,0,5,0.2,0.0,206.6525,0.000202974002009354,False,,,
19000133589330,VproI38,5,5,2,5,808.61,0,1,0,5,0,5,0.0,0.0,808.61,0.00019855410382742011,False,,,
18999869189289,TstressI10,7,7,3,7,708.1700000000001,0,5,0,7,0,7,0.0,0.0,141.63400000000001,0.00017389107197222903,False,,,
19000061189185,VproI540,4,3,2,5,705.19,1,2,1,2,0,3,0.3333333333333333,0.25,352.595,0.00017315933327321996,False,,,
19000063189117,VproI546,4,4,2,4,701.2,0,1,0,4,0,4,0.0,0.0,701.2,0.00017217958917622463,False,,,
18999855489045,TmultiI3,9,6,5,10,696.48,2,5,0,5,1,5,0.0,0.2222222222222222,139.296,0.00017102059365296194,False,,,
18999819988964,TsleepI40,6,5,3,8,696.1,1,2,0,4,1,4,0.0,0.16666666666666666,348.05,0.00017092728469134333,False,,,
19000067788949,VproI532,4,4,1,4,692.28,0,3,2,2,0,4,0.5,0.0,230.76,0.00016998928407717736,False,,,
18999852089107,CsleepI56,9,3,7,9,691.88,3,1,1,1,1,2,0.5,0.3333333333333333,691.88,0.00016989106411757884,False,,,
19000065239064,VproI58,4,4,1,4,681.4399999999999,0,3,0,4,0,4,0.0,0.0,227.14666666666665,0.00016732752317205718,False,,,
19000069038913,VproI24,4,4,2,4,670.13,0,2,0,4,0,4,0.0,0.0,335.065,0.00016455035381440872,False,,,
19000137489169,VproI37,4,4,3,4,644.11,0,2,0,4,0,4,0.0,0.0,322.055,0.0001581611454425243,False,,,
18999847939228,CsleepI58,6,6,4,6,638.23,0,3,1,5,0,6,0.16666666666666666,0.0,212.74333333333334,0.0001567173120364259,False,,,
18999856839036,TmultiI17,5,4,4,6,630.45,0,3,0,4,0,4,0.0,0.0,210.15,0.00015480693382223447,False,,,
18999916189069,VstressI5,8,4,5,9,626.64,2,3,0,3,1,3,0.0,0.25,208.88,0.00015387138870705846,False,,,
19000062039367,VproI27,4,4,1,4,599.45,0,3,1,3,0,4,0.25,0.0,199.8166666666667,0.00014719488695334832,False,,,
18999902939350,TstressI13,5,5,2,5,553.5500000000001,0,4,0,5,0,5,0.0,0.0,138.38750000000002,0.00013592414658941692,False,,,
18999854239108,TmultiI6,5,3,5,5,547.24,0,1,0,3,0,3,0.0,0.0,547.24,0.00013437472672675008,False,,,
18999740088897,TsleepI19,6,5,3,6,523.9499999999999,1,2,0,5,0,5,0.0,0.16666666666666666,261.97499999999997,0.0001286558695791256,False,,,
18999736289281,TsleepI12,4,4,1,4,518.62,0,2,0,4,0,4,0.0,0.0,259.31,0.0001273470886174752,False,,,
19000067038987,VproI547,3,3,1,3,502.53,0,1,0,3,0,3,0.0,0.0,502.53,0.0001233961907426243,False,,,
19000066939269,VproI28,3,3,1,3,456.35,0,2,0,3,0,3,0.0,0.0,228.175,0.0001120566964069739,False,,,
19000066089035,VproI536,2,2,2,3,413.61,0,1,0,2,0,2,0.0,0.0,413.61,0.00010156189372387088,False,,,
19000008439297,VstressstressI6,3,3,3,3,406.03000000000003,0,2,1,2,0,3,0.3333333333333333,0.0,203.01500000000001,9.970062548947873e-05,False,,,
18999912339244,VstressI2,4,4,1,4,389.23,0,3,0,4,0,4,0.0,0.0,129.74333333333334,9.557538718634042e-05,False,,,
18999728139307,VsleepI57,4,4,2,4,383.2,0,1,0,4,0,4,0.0,0.0,383.2,9.409472129539257e-05,False,,,
18999718188915,VsleepI26,4,4,1,4,381.55,0,3,0,4,0,4,0.0,0.0,127.18333333333334,9.368956396204863e-05,False,,,
18999857639047,VesleepI8,3,2,3,3,369.84,0,2,0,2,0,2,0.0,0.0,184.92,9.081417464480163e-05,False,,,
18999855239065,TmultiI2,4,3,2,4,363.71,0,2,0,3,0,3,0.0,0.0,181.855,8.930895376395415e-05,False,,,
18999717089219,VsleepI8,4,4,2,4,355.06,0,3,0,4,0,4,0.0,0.0,118.35333333333334,8.718494713763592e-05,False,,,
19000136039213,VproI42,2,2,2,2,351.32,0,1,0,2,0,2,0.0,0.0,351.32,8.626659051538966e-05,False,,,
19000062539155,VproI517,2,2,1,2,350.64,0,1,0,2,0,2,0.0,0.0,350.64,8.609961658407216e-05,False,,,
18999738289191,TsleepI16,4,3,3,4,347.48,0,3,0,3,0,3,0.0,0.0,115.82666666666667,8.532367890324377e-05,False,,,
19000063539110,VproI548,2,1,2,2,342.94,0,1,0,1,0,1,0.0,0.0,342.94,8.420888236180044e-05,False,,,
19000244839136,VproI579,4,2,2,4,332.90999999999997,2,2,0,2,0,2,0.0,0.5,166.45499999999998,8.174601687486727e-05,False,,,
18999725389323,VsleepI39,4,4,3,6,313.23,0,3,0,4,0,4,0.0,0.0,104.41000000000001,7.691359486261956e-05,False,,,
18999717338949,VsleepI12,2,2,1,2,296.96000000000004,0,1,1,1,0,2,0.5,0.0,296.96000000000004,7.291849800594933e-05,False,,,
19000018839225,VproI7,2,2,1,2,296.85,0,2,0,2,0,2,0.0,0.0,148.425,7.289148751705973e-05,False,,,
18999738838956,TsleepI11,3,3,2,3,295.01,0,2,0,3,0,3,0.0,0.0,147.505,7.243967570290647e-05,False,,,
19000008839235,VstressI13,3,3,2,3,289.54,0,2,0,3,0,3,0.0,0.0,144.77,7.109651775539658e-05,False,,,
18999717488931,VsleepI5,3,3,1,3,271.29,0,2,2,1,0,3,0.6666666666666666,0.0,135.645,6.66152320987136e-05,False,,,
18999845338990,XsleepI7,3,2,2,4,268.28999999999996,1,2,0,1,1,1,0.0,0.3333333333333333,134.14499999999998,6.587858240172461e-05,False,,,
18999712889387,VsleepI24,2,2,1,3,249.36,0,2,0,2,0,2,0.0,0.0,124.68,6.123032281372415e-05,False,,,
18999809389175,TsleepI30,2,2,2,2,239.08,0,2,1,1,0,2,0.5,0.0,119.54,5.87060698520419e-05,False,,,
19000010389193,VesleepI14,2,2,1,2,238.8,0,2,1,1,0,2,0.5,0.0,119.4,5.863731588032293e-05,False,,,
19000011139202,VesleepI13,2,2,1,2,216.63,0,2,0,2,0,2,0.0,0.0,108.315,5.319347461957435e-05,False,,,
19000006989252,VesleepI24,2,2,1,2,210.58,0,2,0,2,0,2,0.0,0.0,105.29,5.170789773064658e-05,False,,,
18999855039107,VesleepI5,2,2,2,2,206.25,0,1,0,2,0,2,0.0,0.0,206.25,5.0644666667992476e-05,False,,,
18999860038914,TmultiI18,2,1,2,2,206.01,0,1,0,1,0,1,0.0,0.0,206.01,5.058573469223336e-05,False,,,
18999713539354,VsleepI19,2,2,1,2,202.26,0,2,0,2,0,2,0.0,0.0,101.13,4.966492257099713e-05,False,,,
18999910689336,VesleepI11,1,1,1,2,193.58,0,1,1,0,0,1,1.0,0.0,193.58,4.753354944770902e-05,False,,,
18999841789060,XsleepI4,2,2,1,2,186.3,0,1,0,2,0,2,0.0,0.0,186.3,4.574594618301576e-05,False,,,
18999725539356,VsleepI53,2,2,1,2,181.61,0,1,0,2,0,2,0.0,0.0,181.61,4.4594317156722977e-05,False,,,
18999717538930,VsleepI13,2,2,1,2,180.79000000000002,0,2,1,1,0,2,0.5,0.0,90.39500000000001,4.439296623954599e-05,False,,,
18999849489212,CsleepI63,1,1,1,2,180.73,0,1,0,1,0,1,0.0,0.0,180.73,4.437823324560621e-05,False,,,
18999827989373,CsleepI6,2,2,1,2,178.98000000000002,0,2,0,2,0,2,0.0,0.0,89.49000000000001,4.394852092236264e-05,False,,,
18999717638916,VsleepI6,2,2,1,2,176.54000000000002,0,1,0,2,0,2,0.0,0.0,176.54000000000002,4.3349379168811604e-05,False,,,
18999715139366,VsleepI21,2,2,1,2,176.25,0,2,0,2,0,2,0.0,0.0,88.125,4.3278169698102665e-05,False,,,
19000007789231,VstressI23,2,1,2,2,171.12,0,1,0,1,0,1,0.0,0.0,171.12,4.2018498716251506e-05,False,,,
19000245239104,VproI576,1,1,1,1,170.65,0,1,0,1,0,1,0.0,0.0,170.65,4.1903090263723235e-05,False,,,
19000064889050,VproI510,1,1,1,1,169.89,0,1,0,1,0,1,0.0,0.0,169.89,4.171647234048602e-05,False,,,
19000245289075,VproI578,2,1,2,2,169.89,1,1,0,1,0,1,0.0,0.5,169.89,4.171647234048602e-05,False,,,
19000247538988,VproI571,1,1,1,1,168.43,0,1,0,1,0,1,0.0,0.0,168.43,4.135796948795139e-05,False,,,
19000245389060,VproI580,1,1,1,1,167.56,0,1,0,1,0,1,0.0,0.0,167.56,4.114434107582458e-05,False,,,
18999859288959,TmultiI4,1,1,1,2,165.27,0,1,0,1,0,1,0.0,0.0,165.27,4.0582031807122995e-05,False,,,
19000065489064,VproI557,1,1,1,1,163.02,0,1,0,1,0,1,0.0,0.0,163.02,4.0029544534381256e-05,False,,,
19000067688955,VproI531,1,1,1,1,163.02,0,1,0,1,0,1,0.0,0.0,163.02,4.0029544534381256e-05,False,,,
18999832139198,CsleepI28,1,1,1,1,158.49,0,1,0,1,0,1,0.0,0.0,158.49,3.891720349192789e-05,False,,,
19000136089227,VproI47,1,1,1,1,151.56,0,1,0,1,0,1,0.0,0.0,151.56,3.721554269188334e-05,False,,,
19000133839279,VproI36,1,1,1,1,148.02,0,1,0,1,0,1,0.0,0.0,148.02,3.634629604943635e-05,False,,,
19000066339264,VproI18,1,1,1,1,146.03,0,1,0,1,0,1,0.0,0.0,146.03,3.585765175043366e-05,False,,,
19000024339084,VproI9,1,1,1,1,145.29,0,1,0,1,0,1,0.0,0.0,145.29,3.567594482517637e-05,False,,,
19000136139229,VproI41,1,1,1,1,145.29,0,1,0,1,0,1,0.0,0.0,145.29,3.567594482517637e-05,False,,,
18999727239275,VsleepI51,1,1,1,1,122.4,0,1,0,1,0,1,0.0,0.0,122.4,3.0055307637150447e-05,False,,,
19000008189236,VstressI17,1,1,1,1,122.27,0,1,0,1,0,1,0.0,0.0,122.27,3.002338615028092e-05,False,,,
18999847439251,CsleepI52,1,1,1,1,113.23,0,1,0,1,0,1,0.0,0.0,113.23,2.7803615063354124e-05,False,,,
18999858039018,VesleepI10,1,1,1,1,112.36,0,1,0,1,0,1,0.0,0.0,112.36,2.758998665122732e-05,False,,,
18999825589283,RsleepI10,1,1,1,1,107.56,0,1,0,1,0,1,0.0,0.0,107.56,2.641134713604495e-05,False,,,
19000011789137,VesleepI34,1,1,1,1,106.43,0,1,0,1,0,1,0.0,0.0,106.43,2.6133875750179103e-05,False,,,
19000016089066,VesleepI25,1,1,1,1,106.43,0,1,0,1,0,1,0.0,0.0,106.43,2.6133875750179103e-05,False,,,
18999857189059,VesleepI3,1,1,1,1,106.43,0,1,0,1,0,1,0.0,0.0,106.43,2.6133875750179103e-05,False,,,
19000014189106,VesleepI26,1,1,1,1,106.43,0,1,0,1,0,1,0.0,0.0,106.43,2.6133875750179103e-05,False,,,
19000016139098,VesleepI32,1,1,1,1,106.43,0,1,0,1,0,1,0.0,0.0,106.43,2.6133875750179103e-05,False,,,
19000006439251,VesleepI16,1,1,1,1,105.29,0,1,0,1,0,1,0.0,0.0,105.29,2.585394886532329e-05,False,,,
18999730389210,VsleepI32,1,1,1,1,103.23,0,1,0,1,0,1,0.0,0.0,103.23,2.5348116073390854e-05,False,,,
18999915189104,VstressI11,1,1,1,1,99.98,0,1,0,1,0,1,0.0,0.0,99.98,2.455007890165279e-05,False,,,
18999911539279,VstressI4,1,1,1,1,96.43,0,1,0,1,0,1,0.0,0.0,96.43,2.367837676021583e-05,False,,,
18999912389257,VstressI6,1,1,1,1,96.43,0,1,1,0,0,1,1.0,0.0,96.43,2.367837676021583e-05,False,,,
18999912539198,VesleepI12,1,1,1,1,95.29,0,1,0,1,0,1,0.0,0.0,95.29,2.3398449875360016e-05,False,,,
18999717288981,VsleepI16,1,1,1,1,94.06,0,1,0,1,0,1,0.0,0.0,94.06,2.3096423499594534e-05,False,,,
18999725039366,VsleepI56,1,1,1,1,94.05,0,1,0,1,0,1,0.0,0.0,94.05,2.309396800060457e-05,False,,,
18999807189201,TsleepI23,1,1,1,1,93.66,0,1,0,1,0,1,0.0,0.0,93.66,2.2998203539996e-05,False,,,
18999715189282,VsleepI20,1,1,1,1,93.09,0,1,0,1,0,1,0.0,0.0,93.09,2.2858240097568096e-05,False,,,
18999725089339,VsleepI58,1,1,1,1,92.91,0,1,0,1,0,1,0.0,0.0,92.91,2.2814041115748757e-05,False,,,
19000004789268,VstressI22,1,1,1,1,91.67,0,1,0,1,0,1,0.0,0.0,91.67,2.250955924099331e-05,False,,,
18999713089388,VsleepI27,1,1,1,1,91.52,0,1,0,1,0,1,0.0,0.0,91.52,2.2472726756143863e-05,False,,,
18999870439246,TstressI5,2,1,2,2,90.00999999999999,0,1,0,1,0,1,0.0,0.0,90.00999999999999,2.2101946408659406e-05,False,,,
19000008989226,VesleepI21,1,1,1,1,89.69,0,1,0,1,0,1,0.0,0.0,89.69,2.2023370440980583e-05,False,,,
18999716339325,VsleepI25,1,1,1,1,89.61,0,1,0,1,0,1,0.0,0.0,89.61,2.200372644906088e-05,False,,,
19000018539004,JsleepI1,1,1,1,1,88.69,0,1,0,1,0,1,0.0,0.0,88.69,2.1777820541984255e-05,False,,,
18999715689313,VsleepI28,1,1,1,1,87.56,0,1,0,1,0,1,0.0,0.0,87.56,2.1500349156118407e-05,False,,,
18999842339050,XsleepI10,1,1,1,1,87.56,0,1,0,1,0,1,0.0,0.0,87.56,2.1500349156118407e-05,False,,,
18999818988973,TsleepI48,1,1,1,1,81.2,0,1,0,1,0,1,0.0,0.0,81.2,1.9938651798501766e-05,False,,,
